{
	"credit": "Made with Blockbench",
	"texture_size": [32, 32],
	"textures": {
		"0": "custom/texture",
		"particle": "custom/texture"
	},
	"elements": [
		{
			"from": [6, 0.25, 7],
			"to": [10, 1.5, 8],
			"faces": {
				"north": {"uv": [0, 0, 2, 1], "texture": "#0"},
				"east": {"uv": [5, 8, 6, 9], "texture": "#0"},
				"south": {"uv": [0, 1, 2, 2], "texture": "#0"},
				"west": {"uv": [6, 8, 7, 9], "texture": "#0"},
				"up": {"uv": [2, 3, 0, 2], "texture": "#0"},
				"down": {"uv": [4, 0, 2, 1], "texture": "#0"}
			}
		},
		{
			"from": [6.5, 0.5, 5.75],
			"to": [9.5, 1.25, 6],
			"faces": {
				"north": {"uv": [5, 7, 7, 8], "texture": "#0"},
				"east": {"uv": [4, 10, 5, 11], "texture": "#0"},
				"south": {"uv": [7, 6, 9, 7], "texture": "#0"},
				"west": {"uv": [10, 4, 11, 5], "texture": "#0"},
				"up": {"uv": [9, 8, 7, 7], "texture": "#0"},
				"down": {"uv": [2, 8, 0, 9], "texture": "#0"}
			}
		},
		{
			"from": [6, 0, 6],
			"to": [10, 1.75, 7],
			"faces": {
				"north": {"uv": [6, 0, 8, 1], "texture": "#0"},
				"east": {"uv": [1, 10, 2, 11], "texture": "#0"},
				"south": {"uv": [1, 6, 3, 7], "texture": "#0"},
				"west": {"uv": [10, 1, 11, 2], "texture": "#0"},
				"up": {"uv": [5, 7, 3, 6], "texture": "#0"},
				"down": {"uv": [8, 3, 6, 4], "texture": "#0"}
			}
		},
		{
			"from": [6, 0.25, 10],
			"to": [10, 1.5, 11],
			"faces": {
				"north": {"uv": [2, 1, 4, 2], "texture": "#0"},
				"east": {"uv": [7, 8, 8, 9], "texture": "#0"},
				"south": {"uv": [2, 2, 4, 3], "texture": "#0"},
				"west": {"uv": [8, 8, 9, 9], "texture": "#0"},
				"up": {"uv": [2, 4, 0, 3], "texture": "#0"},
				"down": {"uv": [4, 3, 2, 4], "texture": "#0"}
			}
		},
		{
			"from": [6.5, 0.5, 12],
			"to": [9.5, 1.25, 12.25],
			"faces": {
				"north": {"uv": [6, 4, 8, 5], "texture": "#0"},
				"east": {"uv": [2, 10, 3, 11], "texture": "#0"},
				"south": {"uv": [5, 6, 7, 7], "texture": "#0"},
				"west": {"uv": [10, 2, 11, 3], "texture": "#0"},
				"up": {"uv": [8, 6, 6, 5], "texture": "#0"},
				"down": {"uv": [3, 7, 1, 8], "texture": "#0"}
			}
		},
		{
			"from": [6, 0, 11],
			"to": [10, 1.75, 12],
			"faces": {
				"north": {"uv": [3, 4, 5, 5], "texture": "#0"},
				"east": {"uv": [9, 8, 10, 9], "texture": "#0"},
				"south": {"uv": [4, 3, 6, 4], "texture": "#0"},
				"west": {"uv": [9, 9, 10, 10], "texture": "#0"},
				"up": {"uv": [2, 6, 0, 5], "texture": "#0"},
				"down": {"uv": [7, 1, 5, 2], "texture": "#0"}
			}
		},
		{
			"from": [6, 0.25, 8],
			"to": [7, 1.5, 10],
			"faces": {
				"north": {"uv": [0, 9, 1, 10], "texture": "#0"},
				"east": {"uv": [1, 9, 2, 10], "texture": "#0"},
				"south": {"uv": [9, 1, 10, 2], "texture": "#0"},
				"west": {"uv": [9, 2, 10, 3], "texture": "#0"},
				"up": {"uv": [4, 10, 3, 9], "texture": "#0"},
				"down": {"uv": [5, 9, 4, 10], "texture": "#0"}
			}
		},
		{
			"from": [4.75, 0.5, 7.5],
			"to": [5, 1.25, 10.5],
			"faces": {
				"north": {"uv": [3, 10, 4, 11], "texture": "#0"},
				"east": {"uv": [7, 1, 9, 2], "texture": "#0"},
				"south": {"uv": [10, 3, 11, 4], "texture": "#0"},
				"west": {"uv": [7, 2, 9, 3], "texture": "#0"},
				"up": {"uv": [4, 9, 3, 7], "texture": "#0"},
				"down": {"uv": [5, 7, 4, 9], "texture": "#0"}
			}
		},
		{
			"from": [5, 0, 7],
			"to": [6, 1.75, 11],
			"faces": {
				"north": {"uv": [0, 10, 1, 11], "texture": "#0"},
				"east": {"uv": [5, 2, 7, 3], "texture": "#0"},
				"south": {"uv": [10, 0, 11, 1], "texture": "#0"},
				"west": {"uv": [3, 5, 5, 6], "texture": "#0"},
				"up": {"uv": [6, 6, 5, 4], "texture": "#0"},
				"down": {"uv": [1, 6, 0, 8], "texture": "#0"}
			}
		},
		{
			"from": [9, 0.25, 8],
			"to": [10, 1.5, 10],
			"faces": {
				"north": {"uv": [9, 4, 10, 5], "texture": "#0"},
				"east": {"uv": [5, 9, 6, 10], "texture": "#0"},
				"south": {"uv": [9, 5, 10, 6], "texture": "#0"},
				"west": {"uv": [6, 9, 7, 10], "texture": "#0"},
				"up": {"uv": [10, 7, 9, 6], "texture": "#0"},
				"down": {"uv": [8, 9, 7, 10], "texture": "#0"}
			}
		},
		{
			"from": [11, 0.5, 7.5],
			"to": [11.25, 1.25, 10.5],
			"faces": {
				"north": {"uv": [5, 10, 6, 11], "texture": "#0"},
				"east": {"uv": [8, 0, 10, 1], "texture": "#0"},
				"south": {"uv": [10, 5, 11, 6], "texture": "#0"},
				"west": {"uv": [8, 3, 10, 4], "texture": "#0"},
				"up": {"uv": [3, 10, 2, 8], "texture": "#0"},
				"down": {"uv": [9, 4, 8, 6], "texture": "#0"}
			}
		},
		{
			"from": [10, 0, 7],
			"to": [11, 1.75, 11],
			"faces": {
				"north": {"uv": [9, 7, 10, 8], "texture": "#0"},
				"east": {"uv": [0, 4, 2, 5], "texture": "#0"},
				"south": {"uv": [8, 9, 9, 10], "texture": "#0"},
				"west": {"uv": [4, 0, 6, 1], "texture": "#0"},
				"up": {"uv": [5, 3, 4, 1], "texture": "#0"},
				"down": {"uv": [3, 4, 2, 6], "texture": "#0"}
			}
		}
	],
	"display": {
		"thirdperson_righthand": {
			"rotation": [34.75, 0, 0],
			"translation": [0.25, 6.25, 2.5]
		},
		"thirdperson_lefthand": {
			"rotation": [34.75, 0, 0],
			"translation": [0.25, 6.25, 2.5]
		},
		"firstperson_righthand": {
			"rotation": [34.75, 0, 0],
			"translation": [0.25, 9.5, 4.5]
		},
		"firstperson_lefthand": {
			"rotation": [34.75, 0, 0],
			"translation": [0.25, 9.5, 4.5]
		},
		"ground": {
			"translation": [0, 4.5, 0]
		},
		"gui": {
			"rotation": [97.75, 0, -13.5],
			"translation": [3.5, 0.25, 0],
			"scale": [2, 2, 2]
		},
		"head": {
			"rotation": [-71.25, 0, 0],
			"translation": [0, 7.25, -34],
			"scale": [4, 4, 4]
		},
		"fixed": {
			"rotation": [90.5, 0, 0],
			"translation": [0, 4.5, 24],
			"scale": [4, 4, 4]
		}
	}
}