{
	"credit": "Made with Blockbench",
	"textures": {
		"0": "custom/key",
		"particle": "custom/key"
	},
	"elements": [
		{
			"from": [0, 0.25, 0],
			"to": [1, 1, 3],
			"faces": {
				"north": {"uv": [5, 5, 6, 6], "texture": "#0"},
				"east": {"uv": [3, 3, 6, 4], "texture": "#0"},
				"south": {"uv": [6, 3, 7, 4], "texture": "#0"},
				"west": {"uv": [3, 4, 6, 5], "texture": "#0"},
				"up": {"uv": [4, 8, 3, 5], "texture": "#0"},
				"down": {"uv": [5, 5, 4, 8], "texture": "#0"}
			}
		},
		{
			"from": [0, 2, 0],
			"to": [1, 2.75, 8],
			"faces": {
				"north": {"uv": [6, 4, 7, 5], "texture": "#0"},
				"east": {"uv": [1, 1, 9, 2], "texture": "#0"},
				"south": {"uv": [5, 6, 6, 7], "texture": "#0"},
				"west": {"uv": [1, 2, 9, 3], "texture": "#0"},
				"up": {"uv": [2, 11, 1, 3], "texture": "#0"},
				"down": {"uv": [3, 3, 2, 11], "texture": "#0"}
			}
		},
		{
			"from": [0, 1, 2],
			"to": [1, 2, 3],
			"faces": {
				"north": {"uv": [6, 5, 7, 6], "texture": "#0"},
				"east": {"uv": [6, 6, 7, 7], "texture": "#0"},
				"south": {"uv": [7, 3, 8, 4], "texture": "#0"},
				"west": {"uv": [7, 4, 8, 5], "texture": "#0"},
				"up": {"uv": [6, 8, 5, 7], "texture": "#0"},
				"down": {"uv": [8, 5, 7, 6], "texture": "#0"}
			}
		},
		{
			"from": [0.25, 1, 6],
			"to": [0.75, 2, 7],
			"faces": {
				"north": {"uv": [8, 6, 9, 7], "texture": "#0"},
				"east": {"uv": [7, 8, 8, 9], "texture": "#0"},
				"south": {"uv": [8, 7, 9, 8], "texture": "#0"},
				"west": {"uv": [8, 8, 9, 9], "texture": "#0"},
				"up": {"uv": [1, 10, 0, 9], "texture": "#0"},
				"down": {"uv": [10, 0, 9, 1], "texture": "#0"}
			}
		},
		{
			"from": [0.25, 0.75, 4],
			"to": [0.75, 2, 5],
			"faces": {
				"north": {"uv": [8, 3, 9, 4], "texture": "#0"},
				"east": {"uv": [4, 8, 5, 9], "texture": "#0"},
				"south": {"uv": [8, 4, 9, 5], "texture": "#0"},
				"west": {"uv": [5, 8, 6, 9], "texture": "#0"},
				"up": {"uv": [9, 6, 8, 5], "texture": "#0"},
				"down": {"uv": [7, 8, 6, 9], "texture": "#0"}
			}
		},
		{
			"from": [0, 1, 0],
			"to": [1, 2, 1],
			"faces": {
				"north": {"uv": [6, 7, 7, 8], "texture": "#0"},
				"east": {"uv": [7, 6, 8, 7], "texture": "#0"},
				"south": {"uv": [7, 7, 8, 8], "texture": "#0"},
				"west": {"uv": [0, 8, 1, 9], "texture": "#0"},
				"up": {"uv": [9, 1, 8, 0], "texture": "#0"},
				"down": {"uv": [4, 8, 3, 9], "texture": "#0"}
			}
		},
		{
			"from": [-0.25, 1, 1],
			"to": [1.25, 2, 2],
			"faces": {
				"north": {"uv": [0, 0, 2, 1], "texture": "#0"},
				"east": {"uv": [0, 1, 1, 2], "texture": "#0"},
				"south": {"uv": [2, 0, 4, 1], "texture": "#0"},
				"west": {"uv": [0, 2, 1, 3], "texture": "#0"},
				"up": {"uv": [6, 1, 4, 0], "texture": "#0"},
				"down": {"uv": [8, 0, 6, 1], "texture": "#0"}
			}
		}
	],
	"display": {
		"thirdperson_righthand": {
			"rotation": [-128.21, -0.12, 163.05],
			"translation": [-9.25, 8, 0]
		},
		"thirdperson_lefthand": {
			"rotation": [-128.21, -0.12, 163.05],
			"translation": [6.25, 10.75, 3.25]
		},
		"firstperson_righthand": {
			"rotation": [177.25, -11.58, 162.63],
			"translation": [-12.25, 8, -1.25]
		},
		"firstperson_lefthand": {
			"rotation": [177.25, -11.58, 162.63],
			"translation": [-0.25, 13.5, -1.25]
		},
		"ground": {
			"translation": [9.25, 4, 1.75]
		},
		"gui": {
			"rotation": [60.74, 34.96, -42.68],
			"translation": [31.5, 4.5, 0],
			"scale": [3, 3, 3]
		},
		"head": {
			"rotation": [89, 0, 0],
			"translation": [29.25, 2.75, 24.25],
			"scale": [4, 4, 4]
		},
		"fixed": {
			"rotation": [0, 90, 0],
			"translation": [16.5, 25.25, -32.75],
			"scale": [4, 4, 4]
		}
	}
}