{
	"credit": "Made with Blockbench",
	"textures": {
		"0": "custom/rat",
		"particle": "custom/rat"
	},
	"elements": [
		{
			"from": [6, 0, 5],
			"to": [7, 1, 6],
			"faces": {
				"north": {"uv": [6, 12, 7, 13], "texture": "#0"},
				"east": {"uv": [7, 12, 8, 13], "texture": "#0"},
				"south": {"uv": [8, 12, 9, 13], "texture": "#0"},
				"west": {"uv": [12, 8, 13, 9], "texture": "#0"},
				"up": {"uv": [10, 13, 9, 12], "texture": "#0"},
				"down": {"uv": [13, 9, 12, 10], "texture": "#0"}
			}
		},
		{
			"from": [10, 0, 5],
			"to": [11, 1, 6],
			"faces": {
				"north": {"uv": [10, 12, 11, 13], "texture": "#0"},
				"east": {"uv": [12, 10, 13, 11], "texture": "#0"},
				"south": {"uv": [11, 12, 12, 13], "texture": "#0"},
				"west": {"uv": [12, 11, 13, 12], "texture": "#0"},
				"up": {"uv": [13, 13, 12, 12], "texture": "#0"},
				"down": {"uv": [1, 13, 0, 14], "texture": "#0"}
			}
		},
		{
			"from": [10, 0, 7],
			"to": [11, 1, 8],
			"faces": {
				"north": {"uv": [13, 0, 14, 1], "texture": "#0"},
				"east": {"uv": [1, 13, 2, 14], "texture": "#0"},
				"south": {"uv": [13, 1, 14, 2], "texture": "#0"},
				"west": {"uv": [2, 13, 3, 14], "texture": "#0"},
				"up": {"uv": [14, 3, 13, 2], "texture": "#0"},
				"down": {"uv": [4, 13, 3, 14], "texture": "#0"}
			}
		},
		{
			"from": [6, 0, 7],
			"to": [7, 1, 8],
			"faces": {
				"north": {"uv": [13, 3, 14, 4], "texture": "#0"},
				"east": {"uv": [4, 13, 5, 14], "texture": "#0"},
				"south": {"uv": [13, 4, 14, 5], "texture": "#0"},
				"west": {"uv": [5, 13, 6, 14], "texture": "#0"},
				"up": {"uv": [14, 6, 13, 5], "texture": "#0"},
				"down": {"uv": [7, 13, 6, 14], "texture": "#0"}
			}
		},
		{
			"from": [6, 1, 5],
			"to": [11, 2, 8],
			"faces": {
				"north": {"uv": [8, 0, 13, 1], "texture": "#0"},
				"east": {"uv": [0, 10, 3, 11], "texture": "#0"},
				"south": {"uv": [8, 1, 13, 2], "texture": "#0"},
				"west": {"uv": [10, 2, 13, 3], "texture": "#0"},
				"up": {"uv": [5, 5, 0, 2], "texture": "#0"},
				"down": {"uv": [5, 5, 0, 8], "texture": "#0"}
			}
		},
		{
			"from": [7, 0.75, 5.25],
			"to": [10.25, 1, 7.75],
			"faces": {
				"north": {"uv": [3, 10, 6, 11], "texture": "#0"},
				"east": {"uv": [10, 3, 13, 4], "texture": "#0"},
				"south": {"uv": [10, 4, 13, 5], "texture": "#0"},
				"west": {"uv": [10, 5, 13, 6], "texture": "#0"},
				"up": {"uv": [8, 3, 5, 0], "texture": "#0"},
				"down": {"uv": [8, 3, 5, 6], "texture": "#0"}
			}
		},
		{
			"from": [10.25, 1.75, 5.5],
			"to": [12.5, 3.25, 7.5],
			"faces": {
				"north": {"uv": [3, 0, 5, 2], "texture": "#0"},
				"east": {"uv": [8, 2, 10, 4], "texture": "#0"},
				"south": {"uv": [4, 8, 6, 10], "texture": "#0"},
				"west": {"uv": [8, 4, 10, 6], "texture": "#0"},
				"up": {"uv": [8, 10, 6, 8], "texture": "#0"},
				"down": {"uv": [10, 8, 8, 10], "texture": "#0"}
			}
		},
		{
			"from": [11.75, 2.75, 7.5],
			"to": [12.25, 3, 7.625],
			"faces": {
				"north": {"uv": [13, 12, 14, 13], "texture": "#0"},
				"east": {"uv": [13, 13, 14, 14], "texture": "#0"},
				"south": {"uv": [0, 14, 1, 15], "texture": "#0"},
				"west": {"uv": [14, 0, 15, 1], "texture": "#0"},
				"up": {"uv": [2, 15, 1, 14], "texture": "#0"},
				"down": {"uv": [15, 1, 14, 2], "texture": "#0"}
			}
		},
		{
			"from": [11.75, 2.75, 5.375],
			"to": [12.25, 3, 5.5],
			"faces": {
				"north": {"uv": [2, 14, 3, 15], "texture": "#0"},
				"east": {"uv": [14, 2, 15, 3], "texture": "#0"},
				"south": {"uv": [3, 14, 4, 15], "texture": "#0"},
				"west": {"uv": [14, 3, 15, 4], "texture": "#0"},
				"up": {"uv": [5, 15, 4, 14], "texture": "#0"},
				"down": {"uv": [15, 4, 14, 5], "texture": "#0"}
			}
		},
		{
			"from": [12.5, 2, 6],
			"to": [13.25, 2.75, 7],
			"faces": {
				"north": {"uv": [13, 6, 14, 7], "texture": "#0"},
				"east": {"uv": [7, 13, 8, 14], "texture": "#0"},
				"south": {"uv": [13, 7, 14, 8], "texture": "#0"},
				"west": {"uv": [8, 13, 9, 14], "texture": "#0"},
				"up": {"uv": [14, 9, 13, 8], "texture": "#0"},
				"down": {"uv": [10, 13, 9, 14], "texture": "#0"}
			}
		},
		{
			"from": [13.25, 2.25, 6.25],
			"to": [13.35, 2.5, 6.75],
			"faces": {
				"north": {"uv": [13, 9, 14, 10], "texture": "#0"},
				"east": {"uv": [10, 13, 11, 14], "texture": "#0"},
				"south": {"uv": [13, 10, 14, 11], "texture": "#0"},
				"west": {"uv": [11, 13, 12, 14], "texture": "#0"},
				"up": {"uv": [14, 12, 13, 11], "texture": "#0"},
				"down": {"uv": [13, 13, 12, 14], "texture": "#0"}
			}
		},
		{
			"from": [6.2, 2, 5.75],
			"to": [10, 2.25, 7.25],
			"faces": {
				"north": {"uv": [9, 6, 13, 7], "texture": "#0"},
				"east": {"uv": [6, 10, 8, 11], "texture": "#0"},
				"south": {"uv": [9, 7, 13, 8], "texture": "#0"},
				"west": {"uv": [8, 10, 10, 11], "texture": "#0"},
				"up": {"uv": [9, 8, 5, 6], "texture": "#0"},
				"down": {"uv": [4, 8, 0, 10], "texture": "#0"}
			}
		},
		{
			"from": [4.2, 1.75, 6.25],
			"to": [6.2, 2.25, 6.75],
			"faces": {
				"north": {"uv": [10, 8, 12, 9], "texture": "#0"},
				"east": {"uv": [5, 14, 6, 15], "texture": "#0"},
				"south": {"uv": [10, 9, 12, 10], "texture": "#0"},
				"west": {"uv": [14, 5, 15, 6], "texture": "#0"},
				"up": {"uv": [12, 11, 10, 10], "texture": "#0"},
				"down": {"uv": [2, 11, 0, 12], "texture": "#0"}
			}
		},
		{
			"from": [2.95, 0.1, 6.35],
			"to": [4.95, 0.4, 6.65],
			"rotation": {"angle": 22.5, "axis": "z", "origin": [0, 0, 0]},
			"faces": {
				"north": {"uv": [2, 11, 4, 12], "texture": "#0"},
				"east": {"uv": [6, 14, 7, 15], "texture": "#0"},
				"south": {"uv": [4, 11, 6, 12], "texture": "#0"},
				"west": {"uv": [14, 6, 15, 7], "texture": "#0"},
				"up": {"uv": [8, 12, 6, 11], "texture": "#0"},
				"down": {"uv": [10, 11, 8, 12], "texture": "#0"}
			}
		},
		{
			"from": [1.45, 0.175, 6.425],
			"to": [2.95, 0.325, 6.575],
			"rotation": {"angle": 22.5, "axis": "z", "origin": [0, 0, 0]},
			"faces": {
				"north": {"uv": [10, 11, 12, 12], "texture": "#0"},
				"east": {"uv": [7, 14, 8, 15], "texture": "#0"},
				"south": {"uv": [0, 12, 2, 13], "texture": "#0"},
				"west": {"uv": [14, 7, 15, 8], "texture": "#0"},
				"up": {"uv": [4, 13, 2, 12], "texture": "#0"},
				"down": {"uv": [6, 12, 4, 13], "texture": "#0"}
			}
		},
		{
			"from": [10, 3, 5.4],
			"to": [11, 4, 5.75],
			"faces": {
				"north": {"uv": [8, 14, 9, 15], "texture": "#0"},
				"east": {"uv": [14, 8, 15, 9], "texture": "#0"},
				"south": {"uv": [9, 14, 10, 15], "texture": "#0"},
				"west": {"uv": [14, 9, 15, 10], "texture": "#0"},
				"up": {"uv": [11, 15, 10, 14], "texture": "#0"},
				"down": {"uv": [15, 10, 14, 11], "texture": "#0"}
			}
		},
		{
			"from": [10, 3, 7.3],
			"to": [11, 4, 7.65],
			"faces": {
				"north": {"uv": [11, 14, 12, 15], "texture": "#0"},
				"east": {"uv": [14, 11, 15, 12], "texture": "#0"},
				"south": {"uv": [12, 14, 13, 15], "texture": "#0"},
				"west": {"uv": [14, 12, 15, 13], "texture": "#0"},
				"up": {"uv": [14, 15, 13, 14], "texture": "#0"},
				"down": {"uv": [15, 13, 14, 14], "texture": "#0"}
			}
		}
	],
	"display": {
		"thirdperson_righthand": {
			"rotation": [173.15, 67.51, -90],
			"translation": [4.5, 1.25, 5]
		},
		"thirdperson_lefthand": {
			"rotation": [173.15, 67.51, 90],
			"translation": [0, -2, -6.5]
		},
		"firstperson_righthand": {
			"rotation": [173.15, 67.51, -90],
			"translation": [4.5, 1.25, 5]
		},
		"firstperson_lefthand": {
			"rotation": [-33.72, -83.61, -82.29],
			"translation": [1.75, 5.25, 5]
		},
		"ground": {
			"translation": [0, 4.25, 0]
		},
		"gui": {
			"rotation": [3.82, -38.35, -38.63],
			"translation": [5.5, 9, 0],
			"scale": [2, 2, 2]
		},
		"head": {
			"rotation": [0, 90, 0],
			"translation": [-8, 1.75, 0]
		},
		"fixed": {
			"rotation": [-90, 0, 0],
			"translation": [-2.25, 6, -32],
			"scale": [4, 4, 4]
		}
	}
}